Dune	Frank Herbert	Science Fiction	1965	https://en.wikipedia.org/wiki/Dune_(novel)	science fiction;ecology;politics
The Left Hand of Darkness	Ursula K. Le Guin	Science Fiction	1969	https://en.wikipedia.org/wiki/The_Left_Hand_of_Darkness	science fiction;anthropology;identity
The Dispossessed	Ursula K. Le Guin	Science Fiction	1974	https://en.wikipedia.org/wiki/The_Dispossessed	science fiction;politics;philosophy
Designing Data-Intensive Applications	Martin Kleppmann	Software	2017	https://dataintensive.net/	software;systems;databases
The Pragmatic Programmer	David Thomas and Andrew Hunt	Software	1999	https://pragprog.com/titles/tpp20/the-pragmatic-programmer-20th-anniversary-edition/	software;craft;engineering
The Design of Everyday Things	Don Norman	Design	1988	https://en.wikipedia.org/wiki/The_Design_of_Everyday_Things	design;psychology;usability
Don't Make Me Think	Steve Krug	Design	2000	https://en.wikipedia.org/wiki/Don%27t_Make_Me_Think	design;usability;web
Artificial Intelligence: A Guide for Thinking Humans	Melanie Mitchell	Artificial Intelligence	2019	https://en.wikipedia.org/wiki/Melanie_Mitchell	artificial intelligence;technology;cognition
Human Compatible	Stuart Russell	Artificial Intelligence	2019	https://en.wikipedia.org/wiki/Human_Compatible	artificial intelligence;ethics;safety
Thinking, Fast and Slow	Daniel Kahneman	Psychology	2011	https://en.wikipedia.org/wiki/Thinking,_Fast_and_Slow	psychology;decisions;behavior
The Man Who Mistook His Wife for a Hat	Oliver Sacks	Psychology	1985	https://en.wikipedia.org/wiki/The_Man_Who_Mistook_His_Wife_for_a_Hat	psychology;neuroscience;medicine
Meditations	Marcus Aurelius	Philosophy	-	https://en.wikipedia.org/wiki/Meditations	philosophy;stoicism;reflection
Sophie's World	Jostein Gaarder	Philosophy	1991	https://en.wikipedia.org/wiki/Sophie%27s_World	philosophy;fiction;history
Sapiens	Yuval Noah Harari	History	2011	https://en.wikipedia.org/wiki/Sapiens:_A_Brief_History_of_Humankind	history;anthropology;society
The Silk Roads	Peter Frankopan	History	2015	https://en.wikipedia.org/wiki/The_Silk_Roads	history;trade;culture
Pride and Prejudice	Jane Austen	Literature	1813	https://en.wikipedia.org/wiki/Pride_and_Prejudice	literature;fiction;society
The Vegetarian	Han Kang	Literature	2007	https://en.wikipedia.org/wiki/The_Vegetarian	literature;fiction;korea
Braiding Sweetgrass	Robin Wall Kimmerer	Nature	2013	https://en.wikipedia.org/wiki/Braiding_Sweetgrass	nature;ecology;culture
Silent Spring	Rachel Carson	Nature	1962	https://en.wikipedia.org/wiki/Silent_Spring	nature;ecology;environment
The Art of Fermentation	Sandor Ellix Katz	Food	2012	https://en.wikipedia.org/wiki/The_Art_of_Fermentation	food;cooking;biology
Kitchen Confidential	Anthony Bourdain	Food	2000	https://en.wikipedia.org/wiki/Kitchen_Confidential_(book)	food;cooking;memoir
The Inner Game of Tennis	W. Timothy Gallwey	Sport	1974	https://en.wikipedia.org/wiki/The_Inner_Game_of_Tennis	sport;focus;learning
Born to Run	Christopher McDougall	Sport	2009	https://en.wikipedia.org/wiki/Born_to_Run_(McDougall_book)	sport;running;adventure
Ways of Seeing	John Berger	Art	1972	https://en.wikipedia.org/wiki/Ways_of_Seeing	art;visual culture;criticism
The Death and Life of Great American Cities	Jane Jacobs	Urban Planning	1961	https://en.wikipedia.org/wiki/The_Death_and_Life_of_Great_American_Cities	urban planning;public space;neighborhoods
The Image of the City	Kevin Lynch	Urban Planning	1960	https://en.wikipedia.org/wiki/The_Image_of_the_City	urban planning;design;navigation
Cities for People	Jan Gehl	Urban Planning	2010	https://en.wikipedia.org/wiki/Jan_Gehl	urban planning;public space;walking
Walkable City	Jeff Speck	Transport	2012	https://en.wikipedia.org/wiki/Jeff_Speck	urban planning;transport;walking
Happy City	Charles Montgomery	Urban Planning	2013	https://en.wikipedia.org/wiki/Happy_City	urban planning;public space;psychology
The High Cost of Free Parking	Donald Shoup	Transport	2005	https://en.wikipedia.org/wiki/The_High_Cost_of_Free_Parking	urban planning;transport;parking
The Color of Law	Richard Rothstein	Housing	2017	https://en.wikipedia.org/wiki/The_Color_of_Law	urban planning;housing;history;equity
Evicted	Matthew Desmond	Housing	2016	https://en.wikipedia.org/wiki/Evicted:_Poverty_and_Profit_in_the_American_City	urban planning;housing;poverty;equity
The Social Life of Small Urban Spaces	William H. Whyte	Urban Planning	1980	https://en.wikipedia.org/wiki/William_H._Whyte	urban planning;public space;observation
